region,school
香港特别行政区,东华学院
香港特别行政区,港专学院
香港特别行政区,宏恩基督教学院
香港特别行政区,岭南大学
香港特别行政区,明德学院
香港特别行政区,圣方济各大学
香港特别行政区,香港城市大学
香港特别行政区,香港大学
香港特别行政区,香港都会大学
香港特别行政区,香港高等教育科技学院
香港特别行政区,香港恒生大学
香港特别行政区,香港教育大学
香港特别行政区,香港浸会大学
香港特别行政区,香港科技大学
香港特别行政区,香港理工大学
香港特别行政区,香港能仁专上学院
香港特别行政区,香港树仁大学
香港特别行政区,香港伍伦贡学院
香港特别行政区,香港演艺学院
香港特别行政区,香港中文大学
香港特别行政区,香港珠海学院
香港特别行政区,耀中幼教学院
澳门特别行政区,澳门大学
澳门特别行政区,澳门理工大学
澳门特别行政区,澳门旅游大学
澳门特别行政区,澳门保安部队高等学校
澳门特别行政区,澳门城市大学
澳门特别行政区,圣若瑟大学
澳门特别行政区,澳门镜湖护理学院
澳门特别行政区,澳门科技大学
澳门特别行政区,澳门管理学院
澳门特别行政区,中西创新学院
台湾省,台湾大学
台湾省,清华大学（新竹）
台湾省,成功大学
台湾省,政治大学
台湾省,台湾师范大学
台湾省,中兴大学
台湾省,中山大学
台湾省,中央大学
台湾省,阳明交通大学
台湾省,中正大学
台湾省,台北大学
台湾省,高雄师范大学
台湾省,彰化师范大学
台湾省,暨南国际大学
台湾省,东华大学
台湾省,台东大学
台湾省,金门大学
台湾省,台湾海洋大学
台湾省,台北教育大学
台湾省,台中教育大学
台湾省,屏东大学
台湾省,台南大学
台湾省,嘉义大学
台湾省,宜兰大学
台湾省,联合大学
台湾省,台湾艺术大学
台湾省,台北艺术大学
台湾省,台南艺术大学
台湾省,台湾体育运动大学
台湾省,屏东科技大学
台湾省,高雄大学
台湾省,空中大学
台湾省,台湾戏曲学院
台湾省,台湾警察专科学校
台湾省,台湾科技大学
台湾省,台北科技大学
台湾省,云林科技大学
台湾省,高雄科技大学
台湾省,虎尾科技大学
台湾省,澎湖科技大学
台湾省,勤益科技大学
台湾省,高雄餐旅大学
台湾省,台北商业大学
台湾省,台中科技大学
台湾省,屏东科技师范学院
台湾省,金门技术学院
台湾省,国立台东专科学校
台湾省,国立台湾戏曲学院
台湾省,国立体育大学
台湾省,辅仁大学
台湾省,东吴大学
台湾省,淡江大学
台湾省,中国文化大学
台湾省,逢甲大学
台湾省,静宜大学
台湾省,长庚大学
台湾省,元智大学
台湾省,中华大学
台湾省,世新大学
台湾省,铭传大学
台湾省,实践大学
台湾省,义守大学
台湾省,大同大学
台湾省,东海大学
台湾省,中原大学
台湾省,台北医学大学
台湾省,中山医学大学
台湾省,中国医药大学
台湾省,高雄医学大学
台湾省,慈济大学
台湾省,玄奘大学
台湾省,华梵大学
台湾省,佛光大学
台湾省,明道大学
台湾省,开南大学
台湾省,长荣大学
台湾省,真理大学
台湾省,南华大学
台湾省,亚洲大学
台湾省,康宁大学
台湾省,中信金融管理学院
台湾省,台北城市科技大学
台湾省,马偕医学院
台湾省,法鼓文理学院
台湾省,一贯道天皇学院
台湾省,台湾首府大学
台湾省,远东科技大学
台湾省,大叶大学
台湾省,中华医事科技大学
台湾省,台南应用科技大学
台湾省,树德科技大学
台湾省,朝阳科技大学
台湾省,南台科技大学
台湾省,龙华科技大学
台湾省,明志科技大学
台湾省,弘光科技大学
台湾省,正修科技大学
台湾省,万能科技大学
台湾省,建国科技大学
台湾省,大仁科技大学
台湾省,圣约翰科技大学
台湾省,岭东科技大学
台湾省,中国科技大学
台湾省,中台科技大学
台湾省,台南科技大学
台湾省,昆山科技大学
台湾省,嘉南药理大学
台湾省,醒吾科技大学
台湾省,亚太创意技术学院
台湾省,修平科技大学
台湾省,景文科技大学
台湾省,东南科技大学
台湾省,德明财经科技大学
台湾省,明新科技大学
台湾省,健行科技大学
台湾省,南亚技术学院
台湾省,黎明技术学院
台湾省,东方设计大学
台湾省,经国管理暨健康学院
台湾省,崇右影艺科技大学
台湾省,台北海洋科技大学
台湾省,慈济科技大学
台湾省,育达科技大学
台湾省,吴凤科技大学
台湾省,环球科技大学
台湾省,和春技术学院
台湾省,兰阳技术学院
台湾省,华夏科技大学
台湾省,致理科技大学
台湾省,大华科技大学
台湾省,文藻外语大学
台湾省,大汉技术学院
台湾省,慈惠医护管理专科学校
台湾省,树人医护管理专科学校
台湾省,新生医护管理专科学校
台湾省,耕莘健康管理专科学校
台湾省,圣母医护管理专科学校
台湾省,敏惠医护管理专科学校
台湾省,育英医护管理专科学校
台湾省,崇仁医护管理专科学校
台湾省,马偕医护管理专科学校
台湾省,仁德医护管理专科学校
台湾省,高美医护管理专科学校
台湾省,台南护理专科学校
台湾省,辅英科技大学
台湾省,元培医事科技大学
台湾省,国立体大专科部